Program,Mainline,Solver2Basic,LCP-Pooling,CSA-TR,LCP-PP,Partition-Early
base64,3.1199999999999903,2.8599999999999994,50.97,-39.93000000000001,2.780000000000001,2.8100000000000023
