Program,Mainline,Solver2Basic,LCP-Pooling,CSA-TR,LCP-PP,Partition-Early
base64,2.6700000000000017,2.549999999999997,2.469999999999999,2.6099999999999994,2.510000000000005,2.530000000000001
